{
  "version": "2020.1",
  "applications": [],
  "platforms": [
    {
      "name": "design_1_wrapper"
    }
  ],
  "systems": [
    {
      "name": "tpm_system",
      "platform": "/home/zephyr/octopos/octopos_tpm8/design_1_wrapper/export/design_1_wrapper/design_1_wrapper.xpfm",
      "sysConfig": "design_1_wrapper",
      "applications": [
        {
          "name": "tpm",
          "platform": "/home/zephyr/octopos/octopos_tpm8/design_1_wrapper/export/design_1_wrapper/design_1_wrapper.xpfm",
          "platformPath": "/home/zephyr/octopos/octopos_tpm8/design_1_wrapper/export/design_1_wrapper",
          "sysConfig": "design_1_wrapper",
          "domain": "domain_TPM_subsys_microblaze_7",
          "system": "tpm_system"
        }
      ],
      "platformPath": "/home/zephyr/octopos/octopos_tpm8/design_1_wrapper/export/design_1_wrapper"
    }
  ],
  "others": []
}